emotion_model,valence_importance,arousal_importance,dominance_importance
quadrant,0.4795552607973411,0.44697022414214915,0.07347451506050977
custom,0.43493086620015065,0.4891253170954414,0.07594381670440796
plutchik,0.3610576765288208,0.3252073303063364,0.31373499316484277
ekman,0.532292455808858,0.3247440411233585,0.14296350306778352
